first_name,last_name,email
Shaylynn,Klimentyev,sklimentyev0@cisco.com
Thaddeus,Grushin,tgrushin1@umn.edu
Hayden,Cranmer,hcranmer2@nationalgeographic.com
Colet,Ferfulle,cferfulle3@unesco.org
Ernestine,Hardi,ehardi4@virginia.edu
Freddi,Knagges,fknagges5@ifeng.com
Christina,Choak,cchoak6@gizmodo.com
Glenden,Slaymaker,gslaymaker7@delicious.com
Shandee,Shackell,sshackell8@gravatar.com
Odelinda,Pink,opink9@twitter.com
Jaclin,Chivrall,jchivralla@printfriendly.com
Sherwin,Belchambers,sbelchambersb@reuters.com
Marina,Jiru,mjiruc@statcounter.com
Ezri,Alvy,ealvyd@etsy.com
Ayn,Lowndsbrough,alowndsbroughe@cyberchimps.com
Melina,McGiffin,mmcgiffinf@adobe.com
Keith,Butler-Bowdon,kbutlerbowdong@hao123.com
Trenton,Stirrup,tstirruph@go.com
Fin,Southerill,fsoutherilli@bloglines.com
Carney,Penk,cpenkj@craigslist.org
Les,Giraudeau,lgiraudeauk@cnbc.com
Ashley,Gilhool,agilhooll@amazon.co.jp
Ashien,Blundon,ablundonm@deviantart.com
Vivyan,Easterby,veasterbyn@devhub.com
Tillie,Donnelly,tdonnellyo@about.com
Juli,Gillions,jgillionsp@de.vu
Freedman,Bulcroft,fbulcroftq@is.gd
Donelle,Pennazzi,dpennazzir@dyndns.org
Tildi,Whyman,twhymans@printfriendly.com
Joly,Barnicott,jbarnicottt@deliciousdays.com
Lotte,Caville,lcavilleu@netvibes.com
Kin,Rubinovitch,krubinovitchv@1688.com
Raine,Danielsohn,rdanielsohnw@123-reg.co.uk
Ninon,Titcom,ntitcomx@nasa.gov
Skipton,Scroggins,sscrogginsy@chron.com
Felicle,Blais,fblaisz@canalblog.com
Hoyt,Farrell,hfarrell10@hibu.com
Karissa,Tubritt,ktubritt11@technorati.com
Brianne,Blesli,bblesli12@livejournal.com
Faunie,Vasler,fvasler13@hibu.com
Tito,Kleinfeld,tkleinfeld14@t-online.de
Tabbatha,Stapforth,tstapforth15@tripadvisor.com
Neron,Redon,nredon16@si.edu
Florina,Winsbury,fwinsbury17@mac.com
Fulton,Duchant,fduchant18@trellian.com
Hamlen,Guwer,hguwer19@yahoo.co.jp
Alexandr,Jayes,ajayes1a@hostgator.com
Saudra,Purselowe,spurselowe1b@ted.com
Hieronymus,Ecclesall,hecclesall1c@gmpg.org
Monti,Yurtsev,myurtsev1d@issuu.com
Ellie,Mollen,emollen1e@oaic.gov.au
Julietta,Lynde,jlynde1f@bloglines.com
Julian,Sergison,jsergison1g@goodreads.com
Graig,Ogelbe,gogelbe1h@tumblr.com
Mellisent,MacKenney,mmackenney1i@springer.com
Janeta,Dight,jdight1j@1und1.de
Clotilda,Camidge,ccamidge1k@delicious.com
Felike,Pigeon,fpigeon1l@businesswire.com
Eartha,Levison,elevison1m@mozilla.org
Millisent,Schuricht,mschuricht1n@canalblog.com
Milka,Heims,mheims1o@macromedia.com
Raye,Mapholm,rmapholm1p@amazon.co.uk
Marlowe,Apted,mapted1q@ameblo.jp
Annecorinne,Pember,apember1r@sun.com
Pace,Longmaid,plongmaid1s@dailymotion.com
Waylon,Pohlak,wpohlak1t@huffingtonpost.com
Horten,Leven,hleven1u@cmu.edu
Janice,Carnilian,jcarnilian1v@t-online.de
Rube,Howsley,rhowsley1w@tripadvisor.com
Velvet,Jeenes,vjeenes1x@about.me
Konstanze,Pudden,kpudden1y@noaa.gov
Bea,Eldin,beldin1z@ted.com
Orson,Simonel,osimonel20@techcrunch.com
Sinclair,Collis,scollis21@kickstarter.com
Halimeda,Tavener,htavener22@uiuc.edu
Jabez,Annets,jannets23@geocities.jp
Pooh,McInulty,pmcinulty24@about.me
Diana,O'Neal,doneal25@facebook.com
Cullie,Beddo,cbeddo26@cnet.com
Magdalen,Piatto,mpiatto27@linkedin.com
Christel,Jeandet,cjeandet28@amazonaws.com
Rafa,Kenderdine,rkenderdine29@typepad.com
Theodoric,Galiford,tgaliford2a@imgur.com
Jesselyn,Scipsey,jscipsey2b@fda.gov
Adams,Misson,amisson2c@ameblo.jp
Stevana,Feavers,sfeavers2d@hhs.gov
Jacqueline,Ibbeson,jibbeson2e@goo.gl
Dena,Mumm,dmumm2f@wunderground.com
Howard,Jaray,hjaray2g@nps.gov
Shannan,Ellicombe,sellicombe2h@oaic.gov.au
Millie,Detloff,mdetloff2i@ycombinator.com
Damon,Cardinal,dcardinal2j@w3.org
Francyne,Gunton,fgunton2k@reddit.com
Veda,Donnett,vdonnett2l@mayoclinic.com
Linc,Kelleway,lkelleway2m@wp.com
Meyer,Dahle,mdahle2n@hhs.gov
Felipa,Balsellie,fbalsellie2o@state.gov
Trey,Chattelaine,tchattelaine2p@miitbeian.gov.cn
Barny,Allenby,ballenby2q@tamu.edu
Cross,Posen,cposen2r@blogtalkradio.com
Dierdre,Elcott,delcott2s@cmu.edu
Leone,Zellner,lzellner2t@live.com
Flynn,Fedorchenko,ffedorchenko2u@canalblog.com
Hussein,Robichon,hrobichon2v@elegantthemes.com
Ward,Boshard,wboshard2w@dedecms.com
Goldia,McGeouch,gmcgeouch2x@usda.gov
Doro,Frier,dfrier2y@gnu.org
Erl,Bartod,ebartod2z@last.fm
Farica,Anton,fanton30@jugem.jp
Sharai,Huguenet,shuguenet31@intel.com
Sayer,Rump,srump32@forbes.com
Horatio,Geibel,hgeibel33@unc.edu
Dagmar,Ference,dference34@ycombinator.com
Bathsheba,Zoane,bzoane35@weibo.com
Wilhelm,McGeorge,wmcgeorge36@thetimes.co.uk
Giana,Atwel,gatwel37@yellowpages.com
Kayle,Charity,kcharity38@state.tx.us
Shelby,Crow,scrow39@lulu.com
Ashleigh,Deverale,adeverale3a@lulu.com
Felike,Roof,froof3b@ca.gov
Lesya,Conaghan,lconaghan3c@nydailynews.com
Sonja,Thurlbourne,sthurlbourne3d@elegantthemes.com
Moishe,Spileman,mspileman3e@myspace.com
Lexie,Delagua,ldelagua3f@skype.com
Idette,Fever,ifever3g@blogger.com
Karalynn,Hardcastle,khardcastle3h@arstechnica.com
Darius,Phippen,dphippen3i@tumblr.com
Wilmer,Stembridge,wstembridge3j@moonfruit.com
Casi,Stapford,cstapford3k@indiegogo.com
Allyn,Kilpin,akilpin3l@google.co.jp
Stormie,MacFadzean,smacfadzean3m@blinklist.com
Antoine,O'Flannery,aoflannery3n@arstechnica.com
Mel,Handlin,mhandlin3o@indiatimes.com
Tedd,Stonhouse,tstonhouse3p@unblog.fr
Bell,Delnevo,bdelnevo3q@reference.com
Reine,Goldring,rgoldring3r@noaa.gov
Gilberto,Burrett,gburrett3s@creativecommons.org
Gabriele,Moodie,gmoodie3t@foxnews.com
Vladamir,Caddies,vcaddies3u@engadget.com
Clarey,Durrance,cdurrance3v@mac.com
Idalia,Minchinton,iminchinton3w@timesonline.co.uk
Stern,Thorald,sthorald3x@redcross.org
Sisile,Trebilcock,strebilcock3y@creativecommons.org
Way,Jell,wjell3z@constantcontact.com
Alyse,Honack,ahonack40@barnesandnoble.com
Kathryn,Headford,kheadford41@dmoz.org
Nikolaos,Binion,nbinion42@eepurl.com
Consuela,Perin,cperin43@thetimes.co.uk
Dagmar,Treadgear,dtreadgear44@sphinn.com
Bartlett,Cuniffe,bcuniffe45@mapy.cz
Natala,Perone,nperone46@imgur.com
Leupold,Densham,ldensham47@aol.com
Marlin,Haythornthwaite,mhaythornthwaite48@tripadvisor.com
Gideon,Houlison,ghoulison49@abc.net.au
Marline,Pestridge,mpestridge4a@hibu.com
Christyna,Fuggles,cfuggles4b@hugedomains.com
Butch,Maple,bmaple4c@reuters.com
Lilas,Merlin,lmerlin4d@nyu.edu
Reggis,Normanvill,rnormanvill4e@gnu.org
Sidoney,Bonelle,sbonelle4f@netvibes.com
Fanya,Giacomello,fgiacomello4g@paypal.com
Fabio,Adcock,fadcock4h@engadget.com
Alidia,Gerlts,agerlts4i@blogs.com
Scotti,Desporte,sdesporte4j@networkadvertising.org
Chandal,Maken,cmaken4k@webs.com
Terrye,Elmhurst,telmhurst4l@trellian.com
Gaston,Scantlebury,gscantlebury4m@psu.edu
Bride,Coopper,bcoopper4n@gov.uk
Abba,Blenkiron,ablenkiron4o@who.int
Jourdan,Arrell,jarrell4p@spiegel.de
Nerti,Attewill,nattewill4q@about.me
Morey,Boleyn,mboleyn4r@nymag.com
Warden,Alstead,walstead4s@t-online.de
Urban,Badrick,ubadrick4t@hao123.com
Penelopa,Bellini,pbellini4u@engadget.com
Tymon,Colbeck,tcolbeck4v@addthis.com
Christan,Pavitt,cpavitt4w@seesaa.net
Biddy,Prattington,bprattington4x@yandex.ru
Francesco,Bearfoot,fbearfoot4y@ucla.edu
Juditha,Ragless,jragless4z@dailymail.co.uk
Holden,Kilgour,hkilgour50@dmoz.org
Jasmin,Mordy,jmordy51@arstechnica.com
Isabella,Doche,idoche52@wp.com
Rhys,Omrod,romrod53@geocities.jp
Shawn,Chittock,schittock54@smh.com.au
Enrico,Toth,etoth55@amazon.de
Perle,Corradengo,pcorradengo56@mit.edu
Man,Gillham,mgillham57@whitehouse.gov
Minda,Atcheson,matcheson58@seesaa.net
Yorker,Oller,yoller59@illinois.edu
Farra,Edmondson,fedmondson5a@ox.ac.uk
Dominic,Stanmore,dstanmore5b@google.pl
Shirlee,Oppy,soppy5c@dailymail.co.uk
Bibby,Grayley,bgrayley5d@army.mil
Keeley,Donlon,kdonlon5e@about.com
Carma,Craw,ccraw5f@newsvine.com
Daloris,Deeks,ddeeks5g@amazon.de
Josey,Furneaux,jfurneaux5h@etsy.com
Spike,Melross,smelross5i@ebay.com
Jo,Cappleman,jcappleman5j@wikispaces.com
Emery,Shalders,eshalders5k@reddit.com
Marie-jeanne,Sherwyn,msherwyn5l@mashable.com
Barry,Cade,bcade5m@netscape.com
Jobyna,Gallant,jgallant5n@cyberchimps.com
Decca,Lardner,dlardner5o@eventbrite.com
Austine,MacKnight,amacknight5p@google.es
Priscilla,Fawcett,pfawcett5q@ow.ly
Kelsy,Ouldcott,kouldcott5r@ifeng.com
Saundra,Bertomieu,sbertomieu5s@privacy.gov.au
Sigfried,Standish-Brooks,sstandishbrooks5t@is.gd
Loria,Vardey,lvardey5u@imdb.com
Nollie,Bewshire,nbewshire5v@time.com
Melonie,Stovell,mstovell5w@about.com
Bastien,Codron,bcodron5x@tumblr.com
Rutter,Hurler,rhurler5y@webs.com
Llewellyn,Fend,lfend5z@google.de
Randie,Falconar,rfalconar60@ox.ac.uk
Lazaro,Ellery,lellery61@seattletimes.com
Teresita,Girodier,tgirodier62@youtube.com
Rivi,Raffeorty,rraffeorty63@hhs.gov
Naoma,Tinan,ntinan64@gnu.org
Fae,Payze,fpayze65@barnesandnoble.com
Pepe,Derobert,pderobert66@amazon.de
Bobbette,Scase,bscase67@i2i.jp
Cindi,Rogan,crogan68@netlog.com
Bret,Dudeney,bdudeney69@instagram.com
Ezri,Manners,emanners6a@pinterest.com
Jermain,Livett,jlivett6b@so-net.ne.jp
Shaylyn,Gibke,sgibke6c@hatena.ne.jp
Arnaldo,Francescoccio,afrancescoccio6d@mit.edu
Natalee,Clash,nclash6e@latimes.com
Leonelle,Mollin,lmollin6f@hibu.com
Lydie,McGonigle,lmcgonigle6g@opensource.org
Johnathon,Dubock,jdubock6h@wsj.com
Merralee,Eddowes,meddowes6i@reference.com
Terri,Waple,twaple6j@networksolutions.com
Carroll,Cattanach,ccattanach6k@fc2.com
Karyn,Hacking,khacking6l@auda.org.au
Jermayne,Mascall,jmascall6m@utexas.edu
Silas,Duiged,sduiged6n@squarespace.com
Phillie,Jarvie,pjarvie6o@shinystat.com
Even,MacTrustam,emactrustam6p@nasa.gov
Erik,Flores,eflores6q@businessweek.com
Nichol,Estick,nestick6r@prlog.org
Shanda,Gounin,sgounin6s@mail.ru
Matt,Lansbury,mlansbury6t@live.com
Daven,Duiged,dduiged6u@jiathis.com
Rosemaria,Snar,rsnar6v@theatlantic.com
Colene,Reeds,creeds6w@seattletimes.com
Wald,Froud,wfroud6x@go.com
Dorena,Baselio,dbaselio6y@wordpress.org
Alix,Dinsmore,adinsmore6z@plala.or.jp
Bret,Paolotto,bpaolotto70@washington.edu
Astrix,Brandli,abrandli71@washingtonpost.com
Guillemette,Ginglell,gginglell72@so-net.ne.jp
Pepita,Steutly,psteutly73@opera.com
Rick,Tabourel,rtabourel74@cornell.edu
Karry,Rand,krand75@digg.com
Alwyn,Gemlett,agemlett76@phpbb.com
Dieter,Silverlock,dsilverlock77@ftc.gov
Andras,Jannex,ajannex78@moonfruit.com
Damon,Rosenblatt,drosenblatt79@wikispaces.com
Evangeline,Robbs,erobbs7a@hud.gov
Abbott,Newbury,anewbury7b@wunderground.com
Rick,Studd,rstudd7c@liveinternet.ru
Ianthe,Frenzel;,ifrenzel7d@newyorker.com
Crichton,Izachik,cizachik7e@amazon.de
Melanie,Jellico,mjellico7f@parallels.com
Nisse,Riditch,nriditch7g@usnews.com
Noe,Moncreiff,nmoncreiff7h@princeton.edu
Riva,Joao,rjoao7i@adobe.com
Adel,Acosta,aacosta7j@ted.com
Konrad,Neild,kneild7k@macromedia.com
Adolphus,Aldren,aaldren7l@flavors.me
Stacee,Glidder,sglidder7m@jalbum.net
Flory,Postgate,fpostgate7n@bbb.org
Maggy,Cutbirth,mcutbirth7o@state.tx.us
Rene,Cadwell,rcadwell7p@techcrunch.com
Kipper,Corselles,kcorselles7q@hao123.com
Cathleen,Benard,cbenard7r@spotify.com
Ardath,Vegas,avegas7s@mail.ru
Otes,Henfre,ohenfre7t@last.fm
Jan,Semken,jsemken7u@posterous.com
Jewel,McBryde,jmcbryde7v@china.com.cn
Virginie,Radleigh,vradleigh7w@hhs.gov
Fernande,Capron,fcapron7x@odnoklassniki.ru
Meredith,Keuneke,mkeuneke7y@nytimes.com
Elwira,Thewles,ethewles7z@newyorker.com
Norrie,Fetter,nfetter80@ocn.ne.jp
Arie,Dikels,adikels81@tinyurl.com
Levey,Campany,lcampany82@altervista.org
Perkin,Wennington,pwennington83@theguardian.com
Ermina,Jerman,ejerman84@freewebs.com
Winona,Hedditeh,whedditeh85@taobao.com
Hilarius,Millwater,hmillwater86@behance.net
Gray,McKane,gmckane87@baidu.com
Zed,Gingedale,zgingedale88@mashable.com
Kennett,Le Marchant,klemarchant89@merriam-webster.com
Laney,Kinahan,lkinahan8a@thetimes.co.uk
Brose,Brighty,bbrighty8b@drupal.org
Jacquette,Lowndsborough,jlowndsborough8c@github.com
Willabella,Boot,wboot8d@adobe.com
Wallis,Gasticke,wgasticke8e@senate.gov
Tully,Keuneke,tkeuneke8f@domainmarket.com
Luce,Lassetter,llassetter8g@goo.gl
Rogerio,Stollenwerck,rstollenwerck8h@noaa.gov
Ysabel,Ecob,yecob8i@senate.gov
Marijn,Parmby,mparmby8j@google.co.uk
Kamila,Waddell,kwaddell8k@pcworld.com
Bibby,Avis,bavis8l@dailymotion.com
Kevina,Navan,knavan8m@bing.com
Andrus,Donhardt,adonhardt8n@japanpost.jp
Guillemette,Ockland,gockland8o@youku.com
Mariquilla,Ridding,mridding8p@prnewswire.com
Lonnie,Lathaye,llathaye8q@linkedin.com
Andonis,Plaskitt,aplaskitt8r@moonfruit.com
Kara-lynn,Brittle,kbrittle8s@bloglines.com
Bernelle,Crasford,bcrasford8t@flickr.com
Lamont,Kembrey,lkembrey8u@google.com
Allie,Billiard,abilliard8v@example.com
Leilah,Gogerty,lgogerty8w@topsy.com
Inigo,Rolance,irolance8x@google.cn
Haleigh,Lumpkin,hlumpkin8y@123-reg.co.uk
Vinita,Reilly,vreilly8z@state.tx.us
Barde,Scrogges,bscrogges90@taobao.com
Joela,Parfett,jparfett91@auda.org.au
Dieter,Gainsbury,dgainsbury92@amazon.com
Nickolai,O'Dare,nodare93@bandcamp.com
Jessamine,Tellenbrook,jtellenbrook94@unesco.org
Iorgo,Jocelyn,ijocelyn95@goodreads.com
Gerty,Coopper,gcoopper96@auda.org.au
Celene,Titta,ctitta97@unesco.org
Livia,Archbutt,larchbutt98@sciencedirect.com
Audy,Hold,ahold99@google.co.uk
Pavlov,Norman,pnorman9a@php.net
Natasha,Spaven,nspaven9b@cocolog-nifty.com
Seymour,Clacey,sclacey9c@mapquest.com
Skippy,Oughton,soughton9d@last.fm
Marabel,Groocock,mgroocock9e@yale.edu
Bertha,Fletham,bfletham9f@apple.com
Ramsay,Belcham,rbelcham9g@theguardian.com
Nedda,Artus,nartus9h@wikimedia.org
Glynis,Barten,gbarten9i@google.ca
Tiffanie,O'Loughnan,toloughnan9j@japanpost.jp
Mead,Sterrick,msterrick9k@infoseek.co.jp
Adda,Melonby,amelonby9l@virginia.edu
Calla,Hebbs,chebbs9m@imdb.com
Carlina,Bonsall,cbonsall9n@illinois.edu
Creight,Creevy,ccreevy9o@noaa.gov
Abbot,Petrulis,apetrulis9p@ovh.net
Alwin,Frayne,afrayne9q@paginegialle.it
Coretta,Errichiello,cerrichiello9r@ask.com
Ted,Dodimead,tdodimead9s@howstuffworks.com
Nora,Garken,ngarken9t@nbcnews.com
Elisabetta,Henriet,ehenriet9u@booking.com
Allissa,McCrackem,amccrackem9v@ustream.tv
Darill,Mueller,dmueller9w@sakura.ne.jp
Berne,Stanners,bstanners9x@spiegel.de
Rozalie,Benoey,rbenoey9y@surveymonkey.com
Elston,Tavinor,etavinor9z@hugedomains.com
Nedi,Sperski,nsperskia0@state.gov
Tucky,Taks,ttaksa1@dagondesign.com
Francklin,Marryatt,fmarryatta2@tripadvisor.com
Kandace,Panner,kpannera3@yellowbook.com
Eduino,Paulich,epaulicha4@accuweather.com
Didi,Boulder,dbouldera5@japanpost.jp
Rockey,Pennell,rpennella6@is.gd
Jarrid,Frostick,jfrosticka7@foxnews.com
Alexia,Colson,acolsona8@wiley.com
Ethe,Lyver,elyvera9@moonfruit.com
Filmer,Ginsie,fginsieaa@google.co.uk
Jarred,Sans,jsansab@microsoft.com
Benedikt,Prozescky,bprozesckyac@weibo.com
Sutherland,Liggins,sligginsad@topsy.com
Kessia,Du Barry,kdubarryae@hubpages.com
Farris,Blood,fbloodaf@apple.com
Carey,Hurn,churnag@g.co
Wolfie,Cocksedge,wcocksedgeah@nifty.com
Rozalie,Bexon,rbexonai@live.com
Dulce,Juliff,djuliffaj@arstechnica.com
Padraic,Thoms,pthomsak@diigo.com
Archaimbaud,Muress,amuressal@g.co
Nero,Swatten,nswattenam@icio.us
Leandra,Zanni,lzannian@t-online.de
Aube,Slott,aslottao@unicef.org
Aleen,Gagan,agaganap@globo.com
Emalee,Springthorpe,espringthorpeaq@examiner.com
Lyda,Elsop,lelsopar@patch.com
Mead,Indge,mindgeas@berkeley.edu
Ferrell,Cooley,fcooleyat@rambler.ru
Roley,Dickerson,rdickersonau@europa.eu
Shana,McTague,smctagueav@eventbrite.com
Delora,Dudney,ddudneyaw@google.com.hk
Marsha,Kalewe,mkaleweax@oaic.gov.au
Jacobo,Baalham,jbaalhamay@addthis.com
Amalea,Jeffery,ajefferyaz@netlog.com
Cal,Humbert,chumbertb0@washington.edu
Saba,Mishaw,smishawb1@rediff.com
Giustina,Dank,gdankb2@qq.com
Keri,Malshinger,kmalshingerb3@redcross.org
Susann,Downe,sdowneb4@gizmodo.com
Clyve,Vlies,cvliesb5@themeforest.net
Benji,Realph,brealphb6@sfgate.com
Melosa,Pegg,mpeggb7@adobe.com
Ambrose,Howarth,ahowarthb8@squarespace.com
Chevy,Winspurr,cwinspurrb9@uol.com.br
Lynnet,Harragin,lharraginba@whitehouse.gov
Allayne,Shilston,ashilstonbb@apache.org
Mikey,Ramsbotham,mramsbothambc@salon.com
Randell,Turvey,rturveybd@house.gov
Ellary,Yendall,eyendallbe@soup.io
Elaine,Schaumaker,eschaumakerbf@seattletimes.com
Alanna,Fairchild,afairchildbg@yelp.com
Shelby,Rodolf,srodolfbh@umich.edu
Heather,Sparsholt,hsparsholtbi@china.com.cn
Marsh,Fasey,mfaseybj@sfgate.com
Lindsey,London,llondonbk@unicef.org
Stefan,Jopson,sjopsonbl@deviantart.com
Kitti,Brittin,kbrittinbm@spotify.com
Abagail,Orris,aorrisbn@cmu.edu
Stacey,Feldhuhn,sfeldhuhnbo@prnewswire.com
Keven,Milvarnie,kmilvarniebp@goo.gl
Augustus,Rippon,aripponbq@printfriendly.com
Jessy,Heimes,jheimesbr@com.com
Chauncey,Lathbury,clathburybs@rambler.ru
Duff,De Paoli,ddepaolibt@friendfeed.com
Kalina,Leonida,kleonidabu@discuz.net
Darnell,Loughman,dloughmanbv@devhub.com
Ebenezer,Gyenes,egyenesbw@shareasale.com
Cornelius,Wildor,cwildorbx@wikimedia.org
Ali,Picton,apictonby@storify.com
Jillane,Novic,jnovicbz@redcross.org
Karee,Lofty,kloftyc0@gizmodo.com
Langston,Clemes,lclemesc1@w3.org
Blane,Venneur,bvenneurc2@shop-pro.jp
Anderson,Burnsell,aburnsellc3@blinklist.com
Anet,Clemits,aclemitsc4@nhs.uk
Bryana,Spridgeon,bspridgeonc5@amazon.de
Carole,Pinder,cpinderc6@networkadvertising.org
Rainer,Uccelli,ruccellic7@pcworld.com
Wrennie,Garratt,wgarrattc8@altervista.org
Mead,Delhay,mdelhayc9@state.tx.us
Eal,Luchetti,eluchettica@va.gov
Denna,Pendrid,dpendridcb@technorati.com
Fae,Hathway,fhathwaycc@scientificamerican.com
Cara,Whitsey,cwhitseycd@gmpg.org
Darnell,Cardozo,dcardozoce@netlog.com
Anastasia,Humes,ahumescf@rediff.com
John,Penticost,jpenticostcg@myspace.com
Annice,Abelwhite,aabelwhitech@printfriendly.com
Hagan,Alflat,halflatci@forbes.com
Kris,Gery,kgerycj@baidu.com
Jacques,Tedstone,jtedstoneck@exblog.jp
Carlina,Napper,cnappercl@spiegel.de
Barrett,Ginglell,bginglellcm@ebay.co.uk
Biddie,Thorley,bthorleycn@vk.com
Guenevere,Gardiner,ggardinerco@jigsy.com
Muffin,Marion,mmarioncp@discovery.com
Kyle,Narducci,knarduccicq@angelfire.com
Lorin,Maddison,lmaddisoncr@quantcast.com
Peter,Reford,prefordcs@usgs.gov
Roselle,Blackie,rblackiect@sogou.com
Nikaniki,Sainsberry,nsainsberrycu@about.me
Lulita,Gauford,lgaufordcv@mayoclinic.com
Rani,Peyzer,rpeyzercw@amazon.co.uk
Margalit,Berzon,mberzoncx@booking.com
Tedie,Highnam,thighnamcy@cnn.com
Loretta,Klugman,lklugmancz@hp.com
Barny,Butterly,bbutterlyd0@rakuten.co.jp
Skyler,Denizet,sdenizetd1@mit.edu
Emyle,Quick,equickd2@flickr.com
Roxanne,Argontt,rargonttd3@instagram.com
Faye,Spiller,fspillerd4@edublogs.org
Veronica,McCusker,vmccuskerd5@histats.com
Dione,Corless,dcorlessd6@macromedia.com
Mattias,Bruntje,mbruntjed7@godaddy.com
Delores,Le Cornu,dlecornud8@vimeo.com
Loree,Beck,lbeckd9@mlb.com
Harlin,Stranaghan,hstranaghanda@ow.ly
Cyrille,Ramsbotham,cramsbothamdb@wisc.edu
Laverna,Aldis,laldisdc@webnode.com
Carrie,Polly,cpollydd@guardian.co.uk
Filberte,Kohrt,fkohrtde@cdbaby.com
Bren,Balasin,bbalasindf@histats.com
Holli,Phizackerly,hphizackerlydg@123-reg.co.uk
Ginni,Wolfinger,gwolfingerdh@miibeian.gov.cn
Clywd,Branthwaite,cbranthwaitedi@biglobe.ne.jp
Dela,O'Flannery,doflannerydj@bloglines.com
Giorgia,Phear,gpheardk@e-recht24.de
Leoine,Bownass,lbownassdl@earthlink.net
Sandy,Figurski,sfigurskidm@skype.com
Carlota,Kubalek,ckubalekdn@drupal.org
Othella,Lancastle,olancastledo@theguardian.com
Tory,Moloney,tmoloneydp@icio.us
Dante,Pidcock,dpidcockdq@blinklist.com
Lani,Meers,lmeersdr@ameblo.jp
Evey,Tickle,etickleds@dedecms.com
Joelynn,Brawson,jbrawsondt@barnesandnoble.com
Dawn,Pert,dpertdu@drupal.org
Fernando,Cicculini,fcicculinidv@theguardian.com
Tabby,Bromont,tbromontdw@simplemachines.org
Bertie,Mardling,bmardlingdx@photobucket.com
Valina,Rycraft,vrycraftdy@google.pl
Nilson,Ivanin,nivanindz@pen.io
Timmi,Drains,tdrainse0@wix.com
Giselbert,Pasterfield,gpasterfielde1@fda.gov
Eveline,Keveren,ekeverene2@buzzfeed.com
Link,Hilbourne,lhilbournee3@howstuffworks.com
Diarmid,Kleuer,dkleuere4@tripadvisor.com
Karleen,Bridges,kbridgese5@shinystat.com
Jennine,Badby,jbadbye6@upenn.edu
Freddi,Garvill,fgarville7@posterous.com
Ivy,Worsnup,iworsnupe8@goo.gl
Sharleen,Hallgate,shallgatee9@deviantart.com
Elmer,Boughen,eboughenea@sfgate.com
Elva,Sands-Allan,esandsallaneb@icio.us
Michaella,Orford,morfordec@nasa.gov
Stanton,Hiseman,shisemaned@oaic.gov.au
Gillie,Holdron,gholdronee@google.pl
Puff,Kyttor,pkyttoref@bbb.org
Peggy,Dyball,pdyballeg@g.co
Cindra,Brafield,cbrafieldeh@fda.gov
Lolly,Freeborne,lfreeborneei@merriam-webster.com
Audre,Gallichiccio,agallichiccioej@wix.com
Allayne,Weitzel,aweitzelek@toplist.cz
Tiffanie,Perrott,tperrottel@google.co.uk
Angelina,Samart,asamartem@jiathis.com
Shane,Shepton,ssheptonen@nasa.gov
Tedman,Plak,tplakeo@elpais.com
Jobie,Edscer,jedscerep@google.ru
Madonna,Tiner,mtinereq@dell.com
Glen,Bowld,gbowlder@freewebs.com
Filmer,Langland,flanglandes@posterous.com
Kacey,De Biasio,kdebiasioet@mozilla.org
Alia,Smidmore,asmidmoreeu@imgur.com
Milzie,Loadman,mloadmanev@ocn.ne.jp
Jacintha,Richardes,jrichardesew@google.nl
Sherilyn,Becerra,sbecerraex@nationalgeographic.com
Orella,Gatrell,ogatrelley@biglobe.ne.jp
Rhett,McClaren,rmcclarenez@squarespace.com
Mikol,Rawes,mrawesf0@tinyurl.com
Mareah,Gonnel,mgonnelf1@fema.gov
Erinna,Krabbe,ekrabbef2@artisteer.com
Buddie,Boult,bboultf3@utexas.edu
Anabel,Lacoste,alacostef4@goodreads.com
Jacquette,Crutchley,jcrutchleyf5@wordpress.org
Boothe,Eskrigg,beskriggf6@ustream.tv
Dexter,Pettersen,dpettersenf7@scribd.com
Hyman,Elbourne,helbournef8@bravesites.com
Alyss,McMichan,amcmichanf9@studiopress.com
Antoni,Garshore,agarshorefa@g.co
Lena,Ballinghall,lballinghallfb@gnu.org
Rockie,Yurasov,ryurasovfc@goo.ne.jp
Maritsa,Palatini,mpalatinifd@intel.com
Chery,Widdowfield,cwiddowfieldfe@networkadvertising.org
Roderigo,Meredith,rmeredithff@wikia.com
Tammie,Sarson,tsarsonfg@gmpg.org
Burnaby,Kayser,bkayserfh@infoseek.co.jp
Wilburt,Murricanes,wmurricanesfi@narod.ru
Ofilia,Chantree,ochantreefj@ft.com
Lawry,Giacomi,lgiacomifk@virginia.edu
Lorrin,McConway,lmcconwayfl@cyberchimps.com
Stavros,Boanas,sboanasfm@discovery.com
Tedra,Groneway,tgronewayfn@ehow.com
Erna,Janota,ejanotafo@usda.gov
Eileen,Fairpool,efairpoolfp@answers.com
Dagny,Krystek,dkrystekfq@walmart.com
Shalom,Booler,sboolerfr@sohu.com
Adaline,Codling,acodlingfs@ucla.edu
Tito,De Giovanni,tdegiovannift@ameblo.jp
Jorry,Greenhaugh,jgreenhaughfu@4shared.com
Erhard,Ditty,edittyfv@liveinternet.ru
Coral,Sanderson,csandersonfw@dailymotion.com
Constantine,Stock,cstockfx@drupal.org
Nilson,Nelhams,nnelhamsfy@icq.com
Devora,Klaes,dklaesfz@constantcontact.com
Giana,Steade,gsteadeg0@economist.com
Violet,Dukelow,vdukelowg1@cdbaby.com
Carrol,Seage,cseageg2@alibaba.com
Emory,Kacheler,ekachelerg3@shareasale.com
Dulcea,Mouan,dmouang4@businessinsider.com
Felipe,Baybutt,fbaybuttg5@java.com
Kerk,Todarini,ktodarinig6@elegantthemes.com
Egon,Gorgen,egorgeng7@networksolutions.com
Kassie,Posvner,kposvnerg8@addtoany.com
Robinetta,Grice,rgriceg9@histats.com
Marielle,Ortes,mortesga@washington.edu
Corbet,Roos,croosgb@nyu.edu
Inge,Shasnan,ishasnangc@rambler.ru
Odele,Frier,ofriergd@vimeo.com
Celestia,Stowell,cstowellge@blogspot.com
Joanne,Blacklock,jblacklockgf@google.it
Lothaire,Rossant,lrossantgg@sourceforge.net
Daune,Sandars,dsandarsgh@vkontakte.ru
Marylin,Warwicker,mwarwickergi@theglobeandmail.com
Garth,Downgate,gdowngategj@weibo.com
Kathie,Hendren,khendrengk@deviantart.com
Fred,O'Criane,focrianegl@mtv.com
Odille,Schimoni,oschimonigm@google.com.hk
Doloritas,Terrelly,dterrellygn@acquirethisname.com
Maude,Hierro,mhierrogo@themeforest.net
Brandise,Woodthorpe,bwoodthorpegp@gravatar.com
Ardenia,Godfrey,agodfreygq@utexas.edu
Gaynor,McOrkill,gmcorkillgr@toplist.cz
Zorah,Renbold,zrenboldgs@1688.com
Brendon,Coltart,bcoltartgt@1688.com
Brunhilde,Harbertson,bharbertsongu@cnet.com
Dewitt,Denyukhin,ddenyukhingv@stumbleupon.com
Susannah,Wondraschek,swondraschekgw@opera.com
Verna,Corah,vcorahgx@parallels.com
Mada,Juliff,mjuliffgy@oakley.com
Maryann,Jeste,mjestegz@elegantthemes.com
Edan,Fredi,efredih0@dell.com
Doralynne,Prandoni,dprandonih1@1688.com
Reidar,Alan,ralanh2@europa.eu
Martynne,Casaroli,mcasarolih3@flavors.me
Chicky,Bramsom,cbramsomh4@shareasale.com
Cleopatra,Tollerton,ctollertonh5@pcworld.com
Sabra,Schrinel,sschrinelh6@live.com
Saundra,Rameau,srameauh7@hostgator.com
Jsandye,Lardnar,jlardnarh8@paypal.com
Alastair,Orhtmann,aorhtmannh9@businessinsider.com
Marjory,Laverock,mlaverockha@51.la
Westleigh,Vigors,wvigorshb@umich.edu
Lonny,Claire,lclairehc@europa.eu
Breanne,Korous,bkoroushd@smugmug.com
Alexandra,Shakelade,ashakeladehe@seattletimes.com
Amil,Powdrill,apowdrillhf@businesswire.com
Alford,Guyan,aguyanhg@forbes.com
Riva,Briant,rbrianthh@biblegateway.com
Vonny,Church,vchurchhi@google.ca
Dyana,Spore,dsporehj@skyrock.com
Stuart,Wyleman,swylemanhk@sciencedirect.com
Rand,Murley,rmurleyhl@ftc.gov
Nils,Abbay,nabbayhm@google.de
Susannah,Hubane,shubanehn@comcast.net
Bobby,Eddis,beddisho@netvibes.com
Gretel,Battersby,gbattersbyhp@telegraph.co.uk
Tomi,Wilstead,twilsteadhq@disqus.com
Wyn,Leeds,wleedshr@jimdo.com
Steven,Blockwell,sblockwellhs@blogger.com
Fernandina,Drakes,fdrakesht@ow.ly
Lotty,Ivanikov,livanikovhu@reference.com
Roderic,Wandless,rwandlesshv@columbia.edu
Elfrida,Gates,egateshw@geocities.com
Odessa,Coathup,ocoathuphx@posterous.com
Roselle,Wheowall,rwheowallhy@facebook.com
Edithe,Tomsa,etomsahz@lulu.com
Matti,Thompstone,mthompstonei0@live.com
Ange,Bullen,abulleni1@phpbb.com
Jaynell,Lasselle,jlassellei2@accuweather.com
Fidole,Cruse,fcrusei3@tripadvisor.com
Guillemette,Colerick,gcolericki4@squarespace.com
Gilburt,Searl,gsearli5@odnoklassniki.ru
Daphne,Rodliff,drodliffi6@friendfeed.com
Gram,Lohoar,glohoari7@ocn.ne.jp
Dulcy,Franz,dfranzi8@weather.com
Hallie,Reding,hredingi9@themeforest.net
Thor,Hanwell,thanwellia@ow.ly
Sancho,Brough,sbroughib@aol.com
Raine,Hitscher,rhitscheric@cdc.gov
Gussi,Gasparro,ggasparroid@wufoo.com
Morry,Acres,macresie@wordpress.com
Mari,Meric,mmericif@wordpress.com
Lezley,Coweuppe,lcoweuppeig@mlb.com
Elbertina,Rolse,erolseih@t-online.de
Nora,Basnall,nbasnallii@1und1.de
Teriann,Hagart,thagartij@nationalgeographic.com
Patrice,Jamme,pjammeik@homestead.com
Gabriell,Milligan,gmilliganil@zimbio.com
Kassey,Hanniger,khannigerim@posterous.com
Jamil,Simoni,jsimoniin@creativecommons.org
Lexy,Rissom,lrissomio@php.net
Jeremiah,Pierce,jpierceip@dot.gov
Gwendolen,Castell,gcastelliq@google.es
Sharlene,Alu,saluir@oakley.com
Tatiania,Laval,tlavalis@hostgator.com
Adah,Benthall,abenthallit@domainmarket.com
Shirline,Digby,sdigbyiu@indiegogo.com
Jeniffer,Doogue,jdoogueiv@washingtonpost.com
Michaelina,Hatchette,mhatchetteiw@jigsy.com
Denver,Burris,dburrisix@who.int
Renee,Antalffy,rantalffyiy@ibm.com
Jocelyn,Pavlasek,jpavlasekiz@arizona.edu
Cathie,Perche,cperchej0@salon.com
Nev,Ongin,nonginj1@mail.ru
Kassi,Lithgow,klithgowj2@virginia.edu
Herrick,Sugden,hsugdenj3@joomla.org
Lynde,Jakeman,ljakemanj4@reddit.com
Verine,Dainter,vdainterj5@imageshack.us
Shaylah,Rosencrantz,srosencrantzj6@ameblo.jp
Gabby,Gostick,ggostickj7@sohu.com
Calvin,Swaffer,cswafferj8@ebay.co.uk
Rebe,Boame,rboamej9@fc2.com
Baron,Butters,bbuttersja@mysql.com
Cris,Pancast,cpancastjb@mayoclinic.com
Lucilia,Bingell,lbingelljc@wunderground.com
Dante,Plet,dpletjd@java.com
Kaitlin,O'Scollee,koscolleeje@cpanel.net
Happy,Batterson,hbattersonjf@boston.com
Derby,Ellgood,dellgoodjg@issuu.com
Elle,Satchel,esatcheljh@usatoday.com
Yettie,Badrock,ybadrockji@tamu.edu
Skipp,Folkerts,sfolkertsjj@php.net
Winslow,MacCosty,wmaccostyjk@blogger.com
Amy,Massy,amassyjl@psu.edu
Esteban,Goodrich,egoodrichjm@cnn.com
Sandor,Frame,sframejn@friendfeed.com
Barri,Neicho,bneichojo@livejournal.com
Halsey,Scutching,hscutchingjp@ihg.com
Rebekah,Vlach,rvlachjq@reference.com
Etan,Vel,eveljr@harvard.edu
Millard,Mannin,mmanninjs@creativecommons.org
Happy,Watson,hwatsonjt@google.co.jp
Aarika,Monan,amonanju@utexas.edu
Gusella,Morling,gmorlingjv@thetimes.co.uk
Dex,Venditti,dvendittijw@walmart.com
Fan,Goldston,fgoldstonjx@noaa.gov
Tabitha,Dreigher,tdreigherjy@deliciousdays.com
Caddric,Doers,cdoersjz@tamu.edu
Leo,Purdie,lpurdiek0@ebay.com
Boris,Jaynes,bjaynesk1@nba.com
Dolorita,Castillon,dcastillonk2@epa.gov
Ealasaid,Karus,ekarusk3@godaddy.com
Louise,Bithell,lbithellk4@nytimes.com
Davida,Mulholland,dmulhollandk5@vkontakte.ru
Olivia,Seear,oseeark6@va.gov
Skippy,Naldrett,snaldrettk7@e-recht24.de
Leta,Corden,lcordenk8@theatlantic.com
Laurence,Mordan,lmordank9@printfriendly.com
Reeba,Thurner,rthurnerka@geocities.jp
Walton,Prandini,wprandinikb@tinypic.com
Caren,Reichert,creichertkc@apple.com
Melly,Burlingame,mburlingamekd@xrea.com
Kalinda,Chaikovski,kchaikovskike@umich.edu
Kimmi,Gemnett,kgemnettkf@nationalgeographic.com
Corliss,Mayer,cmayerkg@nymag.com
Verla,Waterhouse,vwaterhousekh@google.pl
Spencer,Quarrington,squarringtonki@bloomberg.com
Sande,Philippson,sphilippsonkj@blogtalkradio.com
Row,Davydenko,rdavydenkokk@comcast.net
Katherina,Frediani,kfredianikl@ca.gov
Janith,Orring,jorringkm@goodreads.com
Donnell,Cockrell,dcockrellkn@reuters.com
Nanette,Densumbe,ndensumbeko@msu.edu
Elisha,Featherstone,efeatherstonekp@lulu.com
Humbert,Stenet,hstenetkq@spiegel.de
Ethelda,Mugford,emugfordkr@1688.com
Hugh,Jeacop,hjeacopks@ucoz.com
Tybie,Matchett,tmatchettkt@elpais.com
Timoteo,Worlidge,tworlidgeku@senate.gov
Winfield,Stannett,wstannettkv@hibu.com
Ric,Pues,rpueskw@ask.com
Kathrine,Ambrogetti,kambrogettikx@networkadvertising.org
Hertha,Ollington,hollingtonky@github.io
Maureen,Troyes,mtroyeskz@irs.gov
Sigismundo,Voules,svoulesl0@tiny.cc
Maye,Upsale,mupsalel1@sfgate.com
Tamarah,Joret,tjoretl2@vimeo.com
Gunilla,Pherps,gpherpsl3@amazon.co.uk
Sada,Derisley,sderisleyl4@nature.com
Hobart,Pallent,hpallentl5@cnet.com
Andree,Slocombe,aslocombel6@facebook.com
Hedvige,Kares,hkaresl7@wikispaces.com
Alexandr,Buye,abuyel8@artisteer.com
Winny,Casburn,wcasburnl9@gnu.org
Matilde,Birkenhead,mbirkenheadla@symantec.com
Caresse,Porte,cportelb@google.com
Leoline,Nieass,lnieasslc@unesco.org
Sibella,Oughtright,soughtrightld@merriam-webster.com
Farrah,Dronsfield,fdronsfieldle@nih.gov
Olly,MacQuist,omacquistlf@studiopress.com
Halie,Cullinane,hcullinanelg@lulu.com
Melisenda,Penrith,mpenrithlh@seattletimes.com
Bambie,McCreadie,bmccreadieli@nifty.com
Jamesy,Chart,jchartlj@ebay.co.uk
Rikki,McKintosh,rmckintoshlk@spotify.com
Beltran,Massot,bmassotll@nyu.edu
Fawne,Reap,freaplm@state.tx.us
Elias,Donaho,edonaholn@github.com
Faber,Bowes,fboweslo@amazon.com
Mariquilla,Climpson,mclimpsonlp@state.gov
Zechariah,Drewet,zdrewetlq@about.com
Valle,Mignot,vmignotlr@yellowpages.com
Stephen,D'Alesio,sdalesiols@usatoday.com
Feodor,Brookz,fbrookzlt@springer.com
Beulah,Lightowler,blightowlerlu@list-manage.com
Kailey,Persse,kpersselv@php.net
Gayler,Ead,geadlw@e-recht24.de
Jeremiah,Micco,jmiccolx@tmall.com
Ernestine,Sorrell,esorrellly@yale.edu
Gasparo,Gillford,ggillfordlz@imgur.com
Karl,Gladdish,kgladdishm0@discovery.com
Vergil,Edgar,vedgarm1@barnesandnoble.com
Wait,Slavin,wslavinm2@yahoo.co.jp
Eugine,Sacase,esacasem3@indiatimes.com
Nyssa,Lanigan,nlaniganm4@salon.com
Ettore,Brandham,ebrandhamm5@twitpic.com
Katharine,Codi,kcodim6@accuweather.com
Elvina,Hanhard,ehanhardm7@hp.com
Kaleena,Coule,kcoulem8@washingtonpost.com
Humfrey,Malbon,hmalbonm9@comsenz.com
Isidoro,Kighly,ikighlyma@google.pl
Travus,Aingell,taingellmb@irs.gov
Pace,Mitcham,pmitchammc@posterous.com
Josselyn,Hatton,jhattonmd@hubpages.com
Pauly,Ivatt,pivattme@examiner.com
Ethelda,Farnin,efarninmf@etsy.com
Heida,Cardo,hcardomg@is.gd
Nichole,Grenville,ngrenvillemh@mapy.cz
Virgie,Lumm,vlummmi@globo.com
Justino,Divver,jdivvermj@last.fm
Melanie,McEachern,mmceachernmk@webmd.com
Mariya,Ivie,mivieml@census.gov
Ivor,Karlolczak,ikarlolczakmm@angelfire.com
Kylie,Setch,ksetchmn@dailymail.co.uk
Greer,Silwood,gsilwoodmo@unc.edu
Lorri,Loade,lloademp@sbwire.com
Adan,Selesnick,aselesnickmq@wsj.com
Waneta,Probetts,wprobettsmr@behance.net
Jeffrey,Rochelle,jrochellems@bing.com
Brittani,Loveredge,bloveredgemt@jugem.jp
Auberta,Hassard,ahassardmu@hp.com
Corinne,Hindhaugh,chindhaughmv@ucoz.ru
Georgette,Goodinson,ggoodinsonmw@nifty.com
Ginnie,Winton,gwintonmx@woothemes.com
Jasper,Yankin,jyankinmy@tiny.cc
Jo-ann,Kirlin,jkirlinmz@mysql.com
Mathian,McGill,mmcgilln0@accuweather.com
Cecil,Macconaghy,cmacconaghyn1@meetup.com
Robbin,Pady,rpadyn2@51.la
Arda,Bonsale,abonsalen3@comsenz.com
Celisse,Farny,cfarnyn4@alibaba.com
Jocelin,Gillum,jgillumn5@wired.com
Mella,Cawdron,mcawdronn6@mashable.com
Eduino,Thornewell,ethornewelln7@japanpost.jp
Lira,Quixley,lquixleyn8@amazon.co.uk
Tiffanie,Risley,trisleyn9@usda.gov
Phaidra,Caps,pcapsna@statcounter.com
Bear,Morhall,bmorhallnb@wikispaces.com
Dianne,Bront,dbrontnc@altervista.org
Ginni,Grieger,ggriegernd@skyrock.com
Slade,Pratley,spratleyne@scientificamerican.com
Drusie,Parrington,dparringtonnf@pcworld.com
Bil,Pinke,bpinkeng@purevolume.com
Rickey,Widocks,rwidocksnh@arizona.edu
Marion,Noad,mnoadni@plala.or.jp
Agatha,Pearton,apeartonnj@blogger.com
Lynde,Binch,lbinchnk@goo.ne.jp
Rossie,Iacovucci,riacovuccinl@gravatar.com
Chastity,Sybe,csybenm@abc.net.au
Evelin,Hambribe,ehambribenn@is.gd
Warden,Feldstern,wfeldsternno@github.io
Fidelity,Georgi,fgeorginp@buzzfeed.com
Stacy,Sired,ssirednq@dot.gov
Lee,Storkes,lstorkesnr@google.com.hk
Brnaba,Attow,battowns@time.com
Zia,Jodlkowski,zjodlkowskint@1und1.de
Catherin,Lashford,clashfordnu@pinterest.com
Georg,Perillo,gperillonv@about.me
Gard,Polleye,gpolleyenw@google.co.jp
Jorrie,Eastes,jeastesnx@techcrunch.com
Rosene,Andriss,randrissny@wikispaces.com
Carmina,Steed,csteednz@weebly.com
Ramona,McAirt,rmcairto0@google.ca
Ricky,O'Dennehy,rodennehyo1@indiatimes.com
Carry,Hussey,chusseyo2@bloglines.com
Kat,Pettie,kpettieo3@dyndns.org
Harrison,Simeon,hsimeono4@google.com.au
Lorrie,Vaney,lvaneyo5@virginia.edu
Molli,Lanphere,mlanphereo6@jigsy.com
Danya,Vincent,dvincento7@sina.com.cn
Abram,Coneron,aconerono8@mashable.com
Silvia,Burnapp,sburnappo9@canalblog.com
Aldis,Bernasek,abernasekoa@chicagotribune.com
Shanna,Steutly,ssteutlyob@icio.us
Rance,Malpass,rmalpassoc@homestead.com
Zachary,Pariso,zparisood@ycombinator.com
Gavin,Ambroise,gambroiseoe@wikimedia.org
Marion,Beeby,mbeebyof@goodreads.com
Latrena,Osselton,losseltonog@slashdot.org
Cathlene,Caress,ccaressoh@simplemachines.org
Cornie,Leadbetter,cleadbetteroi@hostgator.com
Marten,Jeune,mjeuneoj@infoseek.co.jp
Merla,Cullnean,mcullneanok@ebay.co.uk
Nadine,Dibdin,ndibdinol@icio.us
Grier,Winton,gwintonom@bbc.co.uk
Archibald,Dobell,adobellon@google.ru
Marline,Blabie,mblabieoo@1und1.de
Chad,Clewarth,cclewarthop@europa.eu
Bale,Gardiner,bgardineroq@simplemachines.org
Englebert,Le Conte,eleconteor@dailymotion.com
Florencia,Linklet,flinkletos@sourceforge.net
Buddy,Hewins,bhewinsot@rambler.ru
Ami,Feldhuhn,afeldhuhnou@wikia.com
Lina,St. Queintain,lstqueintainov@dell.com
Valaria,Haxell,vhaxellow@ucsd.edu
Lucie,O'Cassidy,locassidyox@sphinn.com
Steffen,Spirit,sspiritoy@theguardian.com
Rosene,Suttle,rsuttleoz@sitemeter.com
Winnifred,Cardenas,wcardenasp0@plala.or.jp
Lindsay,Baldoni,lbaldonip1@friendfeed.com
Malynda,Baunton,mbauntonp2@istockphoto.com
Juline,Rickarsey,jrickarseyp3@census.gov
Ronda,Macer,rmacerp4@webeden.co.uk
Shaun,Moxted,smoxtedp5@google.com
Happy,Lefever,hlefeverp6@usda.gov
Tedd,Schimmang,tschimmangp7@eepurl.com
Matilde,Roscrigg,mroscriggp8@ed.gov
Selby,Brawn,sbrawnp9@about.com
Mohammed,Dudliston,mdudlistonpa@ocn.ne.jp
Anna,Loggie,aloggiepb@chronoengine.com
Klement,MacColm,kmaccolmpc@nasa.gov
Jared,Akett,jakettpd@wikimedia.org
Lemar,Ivashkov,livashkovpe@gizmodo.com
Maribelle,Wallbanks,mwallbankspf@slate.com
Gertie,Starmore,gstarmorepg@huffingtonpost.com
Caitrin,Perrin,cperrinph@php.net
Hanna,McIlwraith,hmcilwraithpi@freewebs.com
Sibella,Metson,smetsonpj@rediff.com
Noelyn,Lapsley,nlapsleypk@homestead.com
Gwyneth,Neljes,gneljespl@yahoo.co.jp
Herve,Treadgear,htreadgearpm@twitpic.com
Charin,Aleksashin,caleksashinpn@miitbeian.gov.cn
Kaylee,Hulks,khulkspo@cpanel.net
Rip,Ikin,rikinpp@redcross.org
Eydie,Mullan,emullanpq@spotify.com
Zebadiah,Alston,zalstonpr@privacy.gov.au
Flore,Pitkin,fpitkinps@google.com.hk
Ardene,Griffin,agriffinpt@mysql.com
Farlee,Hellin,fhellinpu@huffingtonpost.com
Marguerite,Carnegie,mcarnegiepv@google.it
Faina,Jurek,fjurekpw@salon.com
Xerxes,Petz,xpetzpx@163.com
Bebe,Ridout,bridoutpy@tripod.com
Lars,Biesterfeld,lbiesterfeldpz@privacy.gov.au
Bidget,O'Connel,boconnelq0@artisteer.com
Hyacinth,Fryer,hfryerq1@alexa.com
Edi,Jobe,ejobeq2@newsvine.com
Timotheus,Barrand,tbarrandq3@nytimes.com
Esme,Bertie,ebertieq4@privacy.gov.au
Tiertza,Minster,tminsterq5@multiply.com
Luisa,Lyndon,llyndonq6@salon.com
Jodie,Tunuy,jtunuyq7@seesaa.net
Lea,Howen,lhowenq8@ow.ly
Albina,Vell,avellq9@smugmug.com
Kelli,Carlson,kcarlsonqa@pinterest.com
Kristi,Martina,kmartinaqb@webnode.com
Foster,Boullen,fboullenqc@unicef.org
Norris,Bryant,nbryantqd@bandcamp.com
Rea,Popeley,rpopeleyqe@bloomberg.com
Wanids,Tabbernor,wtabbernorqf@cyberchimps.com
Gina,Trillo,gtrilloqg@dell.com
Germaine,Fawson,gfawsonqh@statcounter.com
Lissi,Brandsma,lbrandsmaqi@ucoz.ru
Colly,Sammes,csammesqj@163.com
Florida,Haysom,fhaysomqk@list-manage.com
Giorgio,Winfield,gwinfieldql@newyorker.com
Kriste,Postill,kpostillqm@webs.com
Jorrie,Tarpey,jtarpeyqn@examiner.com
Roscoe,Dipple,rdippleqo@foxnews.com
Nanny,Broadis,nbroadisqp@t.co
Avivah,Kydd,akyddqq@google.com.au
Claiborn,Carberry,ccarberryqr@rambler.ru
Alister,Wellesley,awellesleyqs@lulu.com
Cordey,Pietranek,cpietranekqt@freewebs.com
Toby,Weedon,tweedonqu@vinaora.com
Billi,Zettler,bzettlerqv@fotki.com
Osbourn,Hegdonne,ohegdonneqw@bbc.co.uk
Ginelle,Fri,gfriqx@typepad.com
Lay,Hayton,lhaytonqy@facebook.com
Anthiathia,Bellord,abellordqz@state.tx.us
Vernon,Vivians,vviviansr0@ucoz.ru
Alexine,Pearcey,apearceyr1@dmoz.org
Sandye,Ashburner,sashburnerr2@unc.edu
Dreddy,Lorincz,dlorinczr3@mac.com
Ruthe,Frank,rfrankr4@fema.gov
Rand,Leete,rleeter5@phoca.cz
Madlen,Natt,mnattr6@icio.us
Demeter,Levane,dlevaner7@barnesandnoble.com
Evyn,Rotte,erotter8@slashdot.org
Kenon,Gladwin,kgladwinr9@umich.edu
Katti,Tobias,ktobiasra@51.la
Prudence,Zeplin,pzeplinrb@topsy.com
Hershel,Prescott,hprescottrc@tripadvisor.com
Jasmina,Millsap,jmillsaprd@pagesperso-orange.fr
Kaspar,Coolson,kcoolsonre@plala.or.jp
Mirna,Schwandner,mschwandnerrf@facebook.com
Merline,Bus,mbusrg@arizona.edu
Moreen,Parkisson,mparkissonrh@alibaba.com
Analiese,Gorvin,agorvinri@auda.org.au
Osmund,Pegler,opeglerrj@bigcartel.com
Lilian,Pickering,lpickeringrk@howstuffworks.com
Raquela,Kellegher,rkellegherrl@linkedin.com
Roana,Halewood,rhalewoodrm@deviantart.com
Waverley,Bacon,wbaconrn@ifeng.com
Susi,Parcells,sparcellsro@imdb.com
Norby,McCowan,nmccowanrp@amazon.co.jp
Bianca,Mill,bmillrq@moonfruit.com
Tobye,Tolcharde,ttolcharderr@pagesperso-orange.fr
